phi,d_s_um,tau_Pa,powder,m1_true
0.1,0.401,0.99,AKP-20,470
0.1,0.247,1.59,AKP-30,830
0.46,0.185,2164.92,AKP-50,1380
0.13,0.185,6.6,AKP-50,1380
0.44,0.58,336.72,AKP-15,310
0.13,0.247,4.72,AKP-30,830
0.34,0.401,107.77,AKP-20,470
0.22,0.58,15.45,AKP-15,310
0.43,0.247,642.96,AKP-30,830
0.5,0.401,1115.32,AKP-20,470
